"HgCardElevated_content_900d9 href","HgListingCardImages_mainImage_31980 src","HgListingCardImages_mainImage_31980 src 2","HgListingCardImages_mainImage_31980 src 7","HgListingCardImages_mainImage_31980 src 8","HgSlider_splideSlideCenter_68051 src 6","HgSlider_splideSlideCenter_68051 src 7","HgListingCardImages_mainImage_31980 src 9","HgSlider_splideSlideCenter_68051 src 10","SlidesCounter_slidesCounter_7c328","HgListingCardImages_thumbnail_276b9 src","HgListingCardImages_thumbnail_276b9 src 2","HgListingCardImages_thumbnail_276b9 src 3","HgListingCardFeatures_tag_f054d","HgListingCardFeatures_tag_f054d 2","HgListingCardFeatures_tag_f054d 3","HgListingCardFeatures_tag_f054d 4","HgListingRoomsLivingSpacePrice_roomsLivingSpacePrice_ab258","HgListingRoomsLivingSpacePrice_roomsLivingSpacePrice_ab258 3","HgListingRoomsLivingSpacePrice_price_ad2cb","HgListingCard_address_3884e","HgListingDescription_title_fa343","HgListingDescription_extra-large_6c28d","HgListingCard_logo_a4d84 src","ListingTravelTime_travelTimeDuration_6ed93","ListingTravelTime_travelTimePOI_e9883","HgSlider_splideSlideCenter_68051 src 11","HgSlider_splideSlideCenter_68051 src 12","HgSlider_splideSlideCenter_68051 src 13","HgSlider_splideSlideCenter_68051 src 14","HgListingCardAgent_agentImageContainer_8e1f3 src","HgListingCardAgent_agentInfo_481a2","HgListingCardAgent_agentInfo_481a2 2","HgSlider_splideSlideCenter_68051 src 15"
"https://www.immoscout24.ch/kaufen/4002948543","https://cdn.immoscout24.ch/listings/v2/h267/4002948543/image/02f8465eec84e1fbdc287777f70e2ca0.jpg","https://cdn.immoscout24.ch/listings/v2/h267/4002948543/image/1517704ab12cd85ad3e90e00417acf54.jpg","https://cdn.immoscout24.ch/listings/v2/h267/4002948543/image/8a1870abbd3e822db36a8c9d1c2a5601.jpg","https://cdn.immoscout24.ch/listings/v2/h267/4002948543/image/b5882ef8a392383c2851b244d978ddd6.jpg","data:image/gif;base64,R0lGODlhAQABAIAAAAAAAP///yH5BAEAAAAALAAAAAABAAEAAAIBRAA7","data:image/gif;base64,R0lGODlhAQABAIAAAAAAAP///yH5BAEAAAAALAAAAAABAAEAAAIBRAA7","https://cdn.immoscout24.ch/listings/v2/h267/4002948543/image/02f8465eec84e1fbdc287777f70e2ca0.jpg","data:image/gif;base64,R0lGODlhAQABAIAAAAAAAP///yH5BAEAAAAALAAAAAABAAEAAAIBRAA7","8 / 15","https://cdn.immoscout24.ch/f_auto/t_listing_card_117x102/listings/v2/h267/4002948543/image/1517704ab12cd85ad3e90e00417acf54.jpg","https://cdn.immoscout24.ch/f_auto/t_listing_card_117x102/listings/v2/h267/4002948543/image/9dc6757be2b112b630d3cd3623eec836.jpg","https://cdn.immoscout24.ch/f_auto/t_listing_card_117x102/listings/v2/h267/4002948543/image/29a07bc7190396fee3a5f3d0b7f7c35d.jpg","Balkon / Terrasse","Garage","Lift","+4","4.5 Zimmer","113m²","CHF 880’000.–","Ziegeleistrasse 4, 8572 Berg TG","Privilegiert wohnen im Grünen - direkt angrenzend an die Landwirtschaft im Ziegelei-Quartier (D 1.1)","Hochwertige Überbauung mit eigenständigem Charakter Eingebettet in Berg (TG) entsteht das erstklassige Neubauprojekt «Ziegelei Quartier» mit insgesamt über 200 Wohneinheiten an 2.5- bis 5.5-Zimmerwohnungen, welche mit Nachhaltigkeit und Eleganz bestechen.Mit modernen und lichtdurchfluteten Wohnräumen, zeitgemässer Haustechnik sowie einem hochwertigen Ausbaustandard bieten die Wohnungen optimale Voraussetzungen, um Ihren Wohntraum zu erfüllen. Die moderne, hochwertige Architektur und die energieeffiziente Bauweise mit Zweischalenmauerwerk unterstreichen das Konzept von nachhaltigem und zeitgemässem Wohnen.Dank verschiedener Grundrisstypen lässt sich hier fast jede Einrichtungsidee umsetzen. Alle Wohnungen überzeugen zudem mit Aussenflächen und eigenem Park und bieten die beste Aussicht für Ihre Zukunft.Geniessen Sie folgenden Komfort der 4.5-Zimmewohnung:-Funktioneller, durchdachter Grundriss-Hochwertig und modern ausgestattete Küche-Offener, heller Wohn- und Essbereich-Zwei elegante Badezimmer-Grosser, gedeckter Balkon (27.6 m²)Entdecken Sie weitere Grundrisse und Wohnungsgrössen auf der Projektwebsite.Vorzüge der Lage:-Ruhige Umgebung und grosser Park-Breitgefächerte Auswahl an Einkaufsmöglichkeiten, Dienstleister sowie Kultur- und Freizeitangebote in der Umgebung-Gute Anbindungen an den öffentlichen sowie privaten VerkehrIhr Interesse wurde geweckt?Wir freuen uns auf Ihre Kontaktanfrage und stehen für Auskünfte gerne zur Verfügung.","https://cdn.immoscout24.ch/t_customer_logo/logos/l_h267_v1.png","10 min.","Station: Berg","","","","","","","",""
"https://www.immoscout24.ch/kaufen/4002842155","","","https://cdn.immoscout24.ch/listings/v2/s048/4002842155/image/ad1dfe9fb799911056f426d78c789ae7.jpg","https://cdn.immoscout24.ch/listings/v2/s048/4002842155/image/17a69da0798312c8f83be3bb8a170b89.jpg","data:image/gif;base64,R0lGODlhAQABAIAAAAAAAP///yH5BAEAAAAALAAAAAABAAEAAAIBRAA7","data:image/gif;base64,R0lGODlhAQABAIAAAAAAAP///yH5BAEAAAAALAAAAAABAAEAAAIBRAA7","https://cdn.immoscout24.ch/listings/v2/s048/4002842155/image/ad1dfe9fb799911056f426d78c789ae7.jpg","data:image/gif;base64,R0lGODlhAQABAIAAAAAAAP///yH5BAEAAAAALAAAAAABAAEAAAIBRAA7","2 / 13","https://cdn.immoscout24.ch/f_auto/t_listing_card_117x102/listings/v2/s048/4002842155/image/17a69da0798312c8f83be3bb8a170b89.jpg","https://cdn.immoscout24.ch/f_auto/t_listing_card_117x102/listings/v2/s048/4002842155/image/abe897c95de6e5c954b44535adfbfe36.jpg","https://cdn.immoscout24.ch/f_auto/t_listing_card_117x102/listings/v2/s048/4002842155/image/66329ca52d33dd7a938e81051d43b076.jpg","Parkplatz","Balkon / Terrasse","Garage","+2","4.5 Zimmer","108m²","CHF 765’000.–","Spiezstrasse 59, 3645 Gwatt","Neubauprojekt Gwattmoos: 4½-Zimmerwohnung im 1. OG","Das gesamte Wohnungsangebot finden Sie auf unserer Webseite www.casa-immo.chIm Gwatt bei Thun, eingebettet zwischen dem glitzernden Thunersee und den eindrucksvollen Alpen, entsteht ein neues Wohn- und Gewerbeensemble, das urbanes Leben mit naturnaher Qualität verbindet. Zwei moderne Häuser entlang der Hauptstrasse fügen sich harmonisch ins Ortsbild ein und bieten Raum für zeitgemässes Wohnen und Arbeiten.Im Erdgeschoss entstehen attraktive Gewerbeflächen, die flexibel genutzt werden können - ob für Dienstleister, kleine Läden oder innovative Büros. Darüber verteilen sich mehrere Wohnungen in unterschiedlichen Grössen, die mit durchdachten Grundrissen, lichtdurchfluteten Räumen und einem hochwertigen Ausbaustandard überzeugen.Einige der Wohnungen bieten wunderbare Ausblicke über das Gwatt­lischenmoss hin zum See oder auf die umliegende Bergwelt. Gleichzeitig profitieren Bewohnerinnen und Bewohner von der Nähe zur Stadt Thun mit ihrem vielfältigen Angebot an Kultur, Gastronomie und Einkaufsmöglichkeiten.Auch in puncto Nachhaltigkeit setzt das Projekt Massstäbe: Die Wärmeversorgung erfolgt über eine moderne Wärmepumpe, während eine Photovoltaikanlage erneuerbare Energie direkt vor Ort produziert. Ein Doppelschalenmauerwerk sorgt für optimale Dämmung, Energieeffizienz und ein angenehmes Raumklima - Sommer wie Winter. So vereint die Architektur nicht nur ästhetische Ansprüche, sondern auch ökologische Verantwortung.Mit dem Neubau Gwattmoos entsteht ein Projekt, das den Spagat zwischen Lebensqualität am See, guter Anbindung an die Stadt und funktionaler Architektur vereint - ein neuer Ort zum Wohnen, Arbeiten und Wohlfühlen.Das gesamte Angebot der Überbauung ""Gwattmoos"" finden Sie auf unserer Webseite www.casa-immo.ch/gwattmoosNicht die passende Immobilie gefunden? Wir unterstützen Sie bei der Suche: Mit unserem personalisierten Newsletter bleiben Sie auf dem Laufenden. Der Suchauftrag ist unverbindlich und kostenlos. Ihre Angaben werden vertraulich behandelt und nicht an Dritte weitergegeben. www.casa-immo.ch/suchkunden","https://cdn.immoscout24.ch/logos/l_s048_912c5757-491e-4dd2-913e-3e74c1af328e.png","56 min.","Station: Lattigen","data:image/gif;base64,R0lGODlhAQABAIAAAAAAAP///yH5BAEAAAAALAAAAAABAAEAAAIBRAA7","data:image/gif;base64,R0lGODlhAQABAIAAAAAAAP///yH5BAEAAAAALAAAAAABAAEAAAIBRAA7","data:image/gif;base64,R0lGODlhAQABAIAAAAAAAP///yH5BAEAAAAALAAAAAABAAEAAAIBRAA7","data:image/gif;base64,R0lGODlhAQABAIAAAAAAAP///yH5BAEAAAAALAAAAAABAAEAAAIBRAA7","https://media2.homegate.ch/agent-avatars/s048_a5ebaa0b-beac-4ed8-9b63-96e6acaf0d99.jpg","Gioacchino Calà","Beratung und Verkauf",""
"https://www.immoscout24.ch/kaufen/4002783416","https://cdn.immoscout24.ch/listings/v2/d585/4002783416/image/d4867f61449a69ee37a0e09ed80dab6a.jpg","https://cdn.immoscout24.ch/listings/v2/d585/4002783416/image/9065556dfece6e1efca358865d56e435.jpg","https://cdn.immoscout24.ch/listings/v2/d585/4002783416/image/57db089b5dafe9ab8457d8cffbb26e07.jpg","https://cdn.immoscout24.ch/listings/v2/d585/4002783416/image/12cd801beaa97d78a84da623caf837ac.jpg","","","https://cdn.immoscout24.ch/listings/v2/d585/4002783416/image/d4867f61449a69ee37a0e09ed80dab6a.jpg","data:image/gif;base64,R0lGODlhAQABAIAAAAAAAP///yH5BAEAAAAALAAAAAABAAEAAAIBRAA7","10 / 13","https://cdn.immoscout24.ch/f_auto/t_listing_card_117x102/listings/v2/d585/4002783416/image/9065556dfece6e1efca358865d56e435.jpg","https://cdn.immoscout24.ch/f_auto/t_listing_card_117x102/listings/v2/d585/4002783416/image/9bce2eef55743756933eaee2888a224a.jpg","https://cdn.immoscout24.ch/f_auto/t_listing_card_117x102/listings/v2/d585/4002783416/image/0a458a6e71a61075238a1c1d6edce0ba.jpg","Parkplatz","Garage","Aussicht","","5.5 Zimmer","160m²","CHF 825’000.–","Route de Chippis 46, 3966 Chalais","Die Arbeiten haben begonnen","Die Arbeiten haben begonnenNeue Promotion in Chalais !Verkauf nach Plan Bau von 11 contemporary Villen mit 160m23 einzelne Villen mit 5,5 Zimmern8 halb-individuelle Villen mit 5,5 Zimmern Einzelner Technikraum KellerZufahrtGroße Gärten2 Schritte vom Manor de Sierre entferntSchöne Lage in der Nähe von Geschäften und Autobahnen in einer angenehmen Umgebung mit verschiedenen Orientierungen und Aussichten.Diese halb-individuelle Villa D auf 2 Etagen mit einer Wohnfläche von 160 m2 besteht aus:EG:- Eingangshalle mit Einbauschränken- Waschküche- Badezimmer mit WC, Dusche, Waschbecken und Fenster- Ein Schlafzimmer- Ausgestattete Küche mit offener Verbindung zum Esszimmer/Wohnzimmer mit Zugang zur Südterrasse und großem GartenOG:- Elternschlafzimmer mit Ankleide und eigenem Badezimmer: italienische Dusche, Doppelwaschbecken, WC und Fenster- 2 weitere Schlafzimmer- 1 Badezimmer mit Badewanne, WC, Waschbecken und FensterEin Keller und ein einzelner Technikraum gehören zu dieser Villa.PARKPLATZ:- 1 überdachter Stellplatz für ein Auto- 2 AußenparkplätzeEIGENSCHAFTEN:- Bauweise mit contemporary Architektur und reduziertem Design- Flachdach und Peripherieverkleidung- Photovoltaikpanele- Fußbodenheizung, Wärmepumpe Luft-Wasser, Niedertemperatur- Überdachter Stellplatz für ein Auto- Ausstattung nach Wunsch des Käufers und innerhalb des zugewiesenen BudgetsVERFÜGBARKEITEN:- Bushaltestelle direkt vor der Residenz- Seilbahn Chalais-Vercorin- Schule in Chalais- Kinderkrippe-UAPE- Geschäfte- Autobahn und Sierre- 2 Schritte vom Manor de Sierre und all seinen Verfügbarkheiten entferntVerkaufsprospekt nur auf Anfrage !Bei uns ist Neugier ein schöner Fehler, also zögern Sie nicht, uns anzurufen, um mehr Informationen zu erhalten oder einen Besuch vor Ort zu machen !Kontakt: Cyril 0794641135***Alle verfügbaren Lose auf www.berra-immobilier.ch!!!!*","https://cdn.immoscout24.ch/t_customer_logo/logos/l_d585_v1.jpg","47 min.","Station: Sierre","","","","","https://media.homegate.ch/agentAvatar/a_d585_C_Bieckens_v1.jpeg","Cyril Bieckens","Agent Immobilier",""
"https://www.immoscout24.ch/kaufen/4002783415","https://cdn.immoscout24.ch/listings/v2/d585/4002783415/image/9065556dfece6e1efca358865d56e435.jpg","https://cdn.immoscout24.ch/listings/v2/d585/4002783415/image/9065556dfece6e1efca358865d56e435.jpg","","","data:image/gif;base64,R0lGODlhAQABAIAAAAAAAP///yH5BAEAAAAALAAAAAABAAEAAAIBRAA7","data:image/gif;base64,R0lGODlhAQABAIAAAAAAAP///yH5BAEAAAAALAAAAAABAAEAAAIBRAA7","","data:image/gif;base64,R0lGODlhAQABAIAAAAAAAP///yH5BAEAAAAALAAAAAABAAEAAAIBRAA7","1 / 13","https://cdn.immoscout24.ch/f_auto/t_listing_card_117x102/listings/v2/d585/4002783415/image/7ad9239ce4268e633fff6e2c1afaf024.jpg","https://cdn.immoscout24.ch/f_auto/t_listing_card_117x102/listings/v2/d585/4002783415/image/d4867f61449a69ee37a0e09ed80dab6a.jpg","https://cdn.immoscout24.ch/f_auto/t_listing_card_117x102/listings/v2/d585/4002783415/image/9bce2eef55743756933eaee2888a224a.jpg","Parkplatz","Garage","Aussicht","","5.5 Zimmer","160m²","CHF 825’000.–","Route de Chippis 46, 3966 Chalais","Die Arbeiten haben begonnen","Die Arbeiten haben begonnenNeue Promotion in Chalais !Verkauf nach Plan Bau von 11 contemporary Villen mit 160m23 einzelne Villen mit 5,5 Zimmern8 halb-individuelle Villen mit 5,5 Zimmern Einzelner Technikraum KellerZufahrtswegGroße GärtenSchöne Lage in der Nähe von Geschäften und Autobahnen in einer angenehmen Umgebung mit verschiedenen Orientierungen und Aussichten.Diese halb-individuelle Villa F auf 2 Etagen mit einer Wohnfläche von 160 m2 besteht aus:EG:- Eingangshalle mit Einbauschränken- Waschküche- Badezimmer mit WC, Dusche, Waschbecken und Fenster- Ein Schlafzimmer- Ausgestattete Küche mit offener Verbindung zum Esszimmer/Wohnzimmer mit Zugang zur Terrasse und großem GartenOG:- Elternschlafzimmer mit Ankleide und eigenem Badezimmer: italienische Dusche, Doppelwaschbecken, WC und Fenster- 2 zusätzliche Schlafzimmer- 1 Badezimmer mit Badewanne, WC, Waschbecken und FensterEin Keller begleitet diese Villa sowie ein einzelner Technikraum.PARKPLATZ:- 1 überdachter Stellplatz für ein Auto- 2 AußenparkplätzeMERKMALE:- Bauwerk mit contemporary Architektur und reduziertem Design- Flachdach und Peripherieverkleidung- Photovoltaikpanele- Fußbodenheizung, Wärmepumpe Luft-Wasser, Niedertemperatur- Überdachter Stellplatz für ein Auto- Ausführung nach Wunsch des Käufers und nach den zugewiesenen BudgetsVERKEHRSANBINDUNG:- Bushaltestelle direkt gegenüber der Residenz- Seilbahn Chalais-Vercorin- Schulzentrum Chalais- Kinderkrippe-UAPE- Geschäfte- Autobahn und SierreVerkaufsprospekt nur auf Anfrage !Bei uns ist Neugier ein schöner Fehler, also zögern Sie nicht, uns anzurufen, um mehr Informationen zu erhalten oder einen Besuch vor Ort zu machen !Kontakt: Cyril 0794641135***Alle verfügbaren Grundstücke auf www.berra-immobilier.ch !!!!***","https://cdn.immoscout24.ch/t_customer_logo/logos/l_d585_v1.jpg","47 min.","Station: Sierre","data:image/gif;base64,R0lGODlhAQABAIAAAAAAAP///yH5BAEAAAAALAAAAAABAAEAAAIBRAA7","data:image/gif;base64,R0lGODlhAQABAIAAAAAAAP///yH5BAEAAAAALAAAAAABAAEAAAIBRAA7","data:image/gif;base64,R0lGODlhAQABAIAAAAAAAP///yH5BAEAAAAALAAAAAABAAEAAAIBRAA7","data:image/gif;base64,R0lGODlhAQABAIAAAAAAAP///yH5BAEAAAAALAAAAAABAAEAAAIBRAA7","https://media.homegate.ch/agentAvatar/a_d585_C_Bieckens_v1.jpeg","Cyril Bieckens","Agent Immobilier","data:image/gif;base64,R0lGODlhAQABAIAAAAAAAP///yH5BAEAAAAALAAAAAABAAEAAAIBRAA7"
"https://www.immoscout24.ch/kaufen/4002783414","https://cdn.immoscout24.ch/listings/v2/d585/4002783414/image/0a458a6e71a61075238a1c1d6edce0ba.jpg","https://cdn.immoscout24.ch/listings/v2/d585/4002783414/image/0a458a6e71a61075238a1c1d6edce0ba.jpg","","","data:image/gif;base64,R0lGODlhAQABAIAAAAAAAP///yH5BAEAAAAALAAAAAABAAEAAAIBRAA7","data:image/gif;base64,R0lGODlhAQABAIAAAAAAAP///yH5BAEAAAAALAAAAAABAAEAAAIBRAA7","","data:image/gif;base64,R0lGODlhAQABAIAAAAAAAP///yH5BAEAAAAALAAAAAABAAEAAAIBRAA7","1 / 13","https://cdn.immoscout24.ch/f_auto/t_listing_card_117x102/listings/v2/d585/4002783414/image/9065556dfece6e1efca358865d56e435.jpg","https://cdn.immoscout24.ch/f_auto/t_listing_card_117x102/listings/v2/d585/4002783414/image/95f2cb788d8e93e4a3237c342cdc4137.jpg","https://cdn.immoscout24.ch/f_auto/t_listing_card_117x102/listings/v2/d585/4002783414/image/c33890c20dd1ee0bb5e0ec051881b71e.jpg","Parkplatz","Garage","Aussicht","","5.5 Zimmer","160m²","CHF 825’000.–","Route de Chippis 46, 3966 Chalais","Die Arbeiten sind im Gange!","Neue Promotion in Chalais!Verkauf nach PlanBau von 11 contemporary Villen mit 160m23 einzelne Villen mit 5,5 Zimmern8 halb-individuelle Villen mit 5,5 Zimmern Einzelner Technikraum KellerZufahrtswegGroße GärtenSchöne Lage in der Nähe von Einrichtungen und Autobahnen in einer angenehmen Umgebung mit verschiedenen Orientierungen und Aussichten.Diese halb-individuelle Villa G auf 2 Etagen mit einer Wohnfläche von 160 m2 besteht aus:EG:- Eingangshalle mit Einbauschränken- Waschküche- Badezimmer mit WC, Dusche, Waschbecken und Fenster- Ein Schlafzimmer- Ausgestattete Küche mit offener Verbindung zum Esszimmer/Wohnzimmer mit Zugang zur Süd-Terrasse und großem GartenObergeschoss:- Elternschlafzimmer mit Ankleide und eigenem Badezimmer: italienische Dusche, Doppelwaschbecken, WC und Fenster- 2 weitere Schlafzimmer- 1 Badezimmer mit Badewanne, WC, Waschbecken und FensterEin Keller begleitet diese Villa sowie ein einzelner Technikraum.PARKPLATZ:- 1 überdachter Stellplatz für ein Auto- 2 AußenparkplätzeMERKMALE:- Bau mit contemporary Architektur und reduziertem Design- Flachdach und Peripherieverkleidung- Photovoltaik-Panel- Fußbodenheizung, Wärmepumpe Luft-Wasser, Niedertemperatur- Überdachter Stellplatz für ein Auto- Ausführung nach Wunsch des Käufers und nach budgetierten MittelnEINRICHTUNGEN:- Bushaltestelle direkt gegenüber der Residenz- Seilbahn Chalais-Vercorin- Schule in Chalais- Kinderkrippe-UAPE- Geschäfte- Autobahn und SierreVerkaufsprospekt nur auf Anfrage!Bei uns ist Neugier ein schöner Fehler, also zögern Sie nicht, uns anzurufen, um mehr Informationen zu erhalten oder einen Besuch vor Ort zu machen!Kontakt: Cyril 0794641135***Alle verfügbaren Angebote auf www.berra-immobilier.ch!!!!*","https://cdn.immoscout24.ch/t_customer_logo/logos/l_d585_v1.jpg","47 min.","Station: Sierre","data:image/gif;base64,R0lGODlhAQABAIAAAAAAAP///yH5BAEAAAAALAAAAAABAAEAAAIBRAA7","data:image/gif;base64,R0lGODlhAQABAIAAAAAAAP///yH5BAEAAAAALAAAAAABAAEAAAIBRAA7","data:image/gif;base64,R0lGODlhAQABAIAAAAAAAP///yH5BAEAAAAALAAAAAABAAEAAAIBRAA7","data:image/gif;base64,R0lGODlhAQABAIAAAAAAAP///yH5BAEAAAAALAAAAAABAAEAAAIBRAA7","https://media.homegate.ch/agentAvatar/a_d585_C_Bieckens_v1.jpeg","Cyril Bieckens","Agent Immobilier","data:image/gif;base64,R0lGODlhAQABAIAAAAAAAP///yH5BAEAAAAALAAAAAABAAEAAAIBRAA7"
"https://www.immoscout24.ch/kaufen/4002783413","https://cdn.immoscout24.ch/listings/v2/d585/4002783413/image/9dd067543d06cf2a4cb5d4b6a9db3ae3.jpg","https://cdn.immoscout24.ch/listings/v2/d585/4002783413/image/0a458a6e71a61075238a1c1d6edce0ba.jpg","https://cdn.immoscout24.ch/listings/v2/d585/4002783413/image/9bce2eef55743756933eaee2888a224a.jpg","https://cdn.immoscout24.ch/listings/v2/d585/4002783413/image/c275f2a8a129a964cbfb7ce4250948f1.jpg","data:image/gif;base64,R0lGODlhAQABAIAAAAAAAP///yH5BAEAAAAALAAAAAABAAEAAAIBRAA7","data:image/gif;base64,R0lGODlhAQABAIAAAAAAAP///yH5BAEAAAAALAAAAAABAAEAAAIBRAA7","https://cdn.immoscout24.ch/listings/v2/d585/4002783413/image/9dd067543d06cf2a4cb5d4b6a9db3ae3.jpg","data:image/gif;base64,R0lGODlhAQABAIAAAAAAAP///yH5BAEAAAAALAAAAAABAAEAAAIBRAA7","5 / 13","https://cdn.immoscout24.ch/f_auto/t_listing_card_117x102/listings/v2/d585/4002783413/image/0a458a6e71a61075238a1c1d6edce0ba.jpg","https://cdn.immoscout24.ch/f_auto/t_listing_card_117x102/listings/v2/d585/4002783413/image/9065556dfece6e1efca358865d56e435.jpg","https://cdn.immoscout24.ch/f_auto/t_listing_card_117x102/listings/v2/d585/4002783413/image/9bce2eef55743756933eaee2888a224a.jpg","Parkplatz","Garage","Aussicht","","5.5 Zimmer","160m²","CHF 825’000.–","Route de Chippis 46, 3966 Chalais","Baustelle in Arbeit!","Neue Promotion in Chalais!Verkauf nach PlanBau von 11 contemporary Villen mit 160m23 einzelne Villen mit 5,5 Zimmern8 halb-individuelle Villen mit 5,5 Zimmern Einzelner Technikraum KellerZufahrtsstraßeGroße GärtenSchöne Lage in der Nähe von Geschäften und Autobahnen in einer angenehmen Umgebung mit verschiedenen Orientierungen und Aussichten.Diese halb-individuelle Villa H über 2 Etagen mit einer Wohnfläche von 160 m2 besteht aus:EG:- Eingangshalle mit Einbauschränken- Waschküche- Badezimmer mit WC, Dusche, Waschbecken und Fenster- Ein Schlafzimmer- Ausgestattete Küche mit offener Verbindung zum Esszimmer/Wohnzimmer mit Zugang zur Terrasse West und großem GartenOG:- Elternschlafzimmer mit Ankleide und eigenem Badezimmer: italienische Dusche, Doppelwaschbecken, WC und Fenster- 2 zusätzliche Schlafzimmer- 1 Badezimmer mit Badewanne, WC, Waschbecken und FensterEin Keller begleitet diese Villa sowie ein einzelner Technikraum.PARKPLATZ:- 1 überdachter Stellplatz für ein Auto- 2 AußenparkplätzeEIGENSCHAFTEN:- Bauweise mit contemporary Architektur und reduziertem Design- Flachdach und Peripherieverkleidung- Photovoltaikpanele- Fußbodenheizung, Wärmepumpe Luft-Wasser, Niedertemperatur- Überdachter Stellplatz für ein Auto- Ausführung nach Wunsch des Käufers und nach budgetierten MittelnVERKEHRSANBINDUNG:- Bushaltestelle direkt gegenüber der Residenz- Seilbahn Chalais-Vercorin- Schulzentrum Chalais- Kinderkrippe-UAPE- Geschäfte- Autobahn und SierreVerkaufsprospekt nur auf Anfrage!Bei uns ist Neugier ein schöner Fehler, also zögern Sie nicht, uns anzurufen, um mehr Informationen zu erhalten oder einen Besuch vor Ort zu machen!Kontakt: Cyril 0794641135***Alle verfügbaren Einheiten auf www.berra-immobilier.ch!!!!*","https://cdn.immoscout24.ch/t_customer_logo/logos/l_d585_v1.jpg","47 min.","Station: Sierre","data:image/gif;base64,R0lGODlhAQABAIAAAAAAAP///yH5BAEAAAAALAAAAAABAAEAAAIBRAA7","","","","https://media.homegate.ch/agentAvatar/a_d585_C_Bieckens_v1.jpeg","Cyril Bieckens","Agent Immobilier",""
"https://www.immoscout24.ch/kaufen/4002783411","https://cdn.immoscout24.ch/listings/v2/d585/4002783411/image/9065556dfece6e1efca358865d56e435.jpg","https://cdn.immoscout24.ch/listings/v2/d585/4002783411/image/9065556dfece6e1efca358865d56e435.jpg","","","data:image/gif;base64,R0lGODlhAQABAIAAAAAAAP///yH5BAEAAAAALAAAAAABAAEAAAIBRAA7","data:image/gif;base64,R0lGODlhAQABAIAAAAAAAP///yH5BAEAAAAALAAAAAABAAEAAAIBRAA7","","data:image/gif;base64,R0lGODlhAQABAIAAAAAAAP///yH5BAEAAAAALAAAAAABAAEAAAIBRAA7","1 / 13","https://cdn.immoscout24.ch/f_auto/t_listing_card_117x102/listings/v2/d585/4002783411/image/c275f2a8a129a964cbfb7ce4250948f1.jpg","https://cdn.immoscout24.ch/f_auto/t_listing_card_117x102/listings/v2/d585/4002783411/image/0a458a6e71a61075238a1c1d6edce0ba.jpg","https://cdn.immoscout24.ch/f_auto/t_listing_card_117x102/listings/v2/d585/4002783411/image/9bce2eef55743756933eaee2888a224a.jpg","Parkplatz","Garage","Aussicht","","5.5 Zimmer","160m²","CHF 825’000.–","Route de Chippis 46, 3966 Chalais","Die Arbeiten haben begonnen","Die Arbeiten haben begonnenNeue Promotion in Chalais !Verkauf nach Plan Bau von 11 contemporary Villen mit 160m23 einzelne Villen mit 5,5 Zimmern8 halb-individuelle Villen mit 5,5 Zimmern Einzelner Technikraum KellerZufahrtsstraßeGroße GärtenSchöne Lage in der Nähe von Geschäften und Autobahnen in einer angenehmen Umgebung mit verschiedenen Orientierungen und Aussichten.Diese halb-individuelle Villa J auf 2 Etagen mit einer Wohnfläche von 160 m2 besteht aus:EG:- Eingangshalle mit Einbauschränken- Waschküche- Badezimmer mit WC, Dusche, Waschbecken und Fenster- Ein Schlafzimmer- Ausgestattete Küche mit offener Verbindung zum Esszimmer/Wohnzimmer mit Zugang zur Terrasse West und großem GartenOG:- Elternschlafzimmer mit Ankleide und eigenem Badezimmer: italienische Dusche, Doppelwaschbecken, WC und Fenster- 2 weitere Schlafzimmer- 1 Badezimmer mit Badewanne, WC, Waschbecken und FensterEin Keller begleitet diese Villa sowie ein einzelner Technikraum.PARKPLATZ:- 1 überdachter Stellplatz für ein Auto- 2 AußenparkplätzeEIGENSCHAFTEN:- Bauweise mit contemporary Architektur und reduziertem Design- Flachdach und Peripherieverkleidung- Photovoltaikpanele- Fußbodenheizung, Wärmepumpe Luft-Wasser, Niedertemperatur- Überdachter Stellplatz für ein Auto- Ausführung nach Wunsch des Käufers und nach BudgetVERKEHRSANBINDUNG:- Bushaltestelle direkt gegenüber der Residenz- Seilbahn Chalais-Vercorin- Schulzentrum Chalais- Kinderkrippe-UAPE- Geschäfte- Autobahn und SierreVerkaufsprospekt nur auf Anfrage !Bei uns ist Neugier ein schöner Fehler, also zögern Sie nicht, uns anzurufen, um mehr Informationen zu erhalten oder einen Besuch vor Ort zu machen !Kontakt: Cyril 0794641135***Alle verfügbaren Angebote auf www.berra-immobilier.ch!!!!!","https://cdn.immoscout24.ch/t_customer_logo/logos/l_d585_v1.jpg","47 min.","Station: Sierre","data:image/gif;base64,R0lGODlhAQABAIAAAAAAAP///yH5BAEAAAAALAAAAAABAAEAAAIBRAA7","data:image/gif;base64,R0lGODlhAQABAIAAAAAAAP///yH5BAEAAAAALAAAAAABAAEAAAIBRAA7","data:image/gif;base64,R0lGODlhAQABAIAAAAAAAP///yH5BAEAAAAALAAAAAABAAEAAAIBRAA7","data:image/gif;base64,R0lGODlhAQABAIAAAAAAAP///yH5BAEAAAAALAAAAAABAAEAAAIBRAA7","https://media.homegate.ch/agentAvatar/a_d585_C_Bieckens_v1.jpeg","Cyril Bieckens","Agent Immobilier","data:image/gif;base64,R0lGODlhAQABAIAAAAAAAP///yH5BAEAAAAALAAAAAABAAEAAAIBRAA7"
"https://www.immoscout24.ch/kaufen/4002782802","https://cdn.immoscout24.ch/listings/v2/d585/4002782802/image/f3ef146c1104f81f7b4ab646a3b6195b.jpg","https://cdn.immoscout24.ch/listings/v2/d585/4002782802/image/f3ef146c1104f81f7b4ab646a3b6195b.jpg","","","data:image/gif;base64,R0lGODlhAQABAIAAAAAAAP///yH5BAEAAAAALAAAAAABAAEAAAIBRAA7","data:image/gif;base64,R0lGODlhAQABAIAAAAAAAP///yH5BAEAAAAALAAAAAABAAEAAAIBRAA7","","data:image/gif;base64,R0lGODlhAQABAIAAAAAAAP///yH5BAEAAAAALAAAAAABAAEAAAIBRAA7","1 / 13","https://cdn.immoscout24.ch/f_auto/t_listing_card_117x102/listings/v2/d585/4002782802/image/788f37d3d46564e5c54eb686f43cfdbb.jpg","https://cdn.immoscout24.ch/f_auto/t_listing_card_117x102/listings/v2/d585/4002782802/image/7de55262cd9e48f772b3e63638d0b30e.jpg","https://cdn.immoscout24.ch/f_auto/t_listing_card_117x102/listings/v2/d585/4002782802/image/26f8b7b3f67b6f99aaffb38090afa9f1.jpg","Parkplatz","Balkon / Terrasse","Aussicht","+3","3.5 Zimmer","83m²","CHF 465’000.–","Route de Grône 60, 3966 Réchy","Die Arbeiten haben begonnen!","VERKAUF AUF PLÄNELieferung: Ende Dezember 2026Kleines Gebäude mit 7 Wohnungen auf 3 EbenenWOHNUNGSTYPEN- 1x 4,5 Zimmer- 6x 3,5 ZimmerAUSSTATTUNG DER WOHNUNG - Eingangshalle- Ausgestattete offene Küche zum Wohnbereich- 2 Schlafzimmer- 1 Dusche mit Dusche, WC und Waschbecken- 1 Badezimmer mit Badewanne, WC und Waschbecken- Balkon von 15m2MERKMALE- Top-Lage- Bau nach den geltenden SIA-Normen- Äußere Wärmedämmung nach Energiebilanz- Wärme- und Schalldämmung- Heizung durch Luft/Wasser-Wärmepumpe- Photovoltaik-Solarmodule- Kühleinschub auf der Wärmepumpe- Fußbodenheizung- Warmwassererzeugung: Boiler in Verbindung mit der Wärmepumpe- 1 Stromverteilerkasten pro Wohnung- Anschlüsse für Waschmaschinen in jeder Wohnung- Dreifachverglasung- Schiebetüren mit Hebevorrichtung- Aufzug nach Procap-Norm- 1 Keller pro Wohnung- Fertigstellung nach Wunsch des Käufers- Vollständige Beschreibung auf AnfragePARKPLÄTZE- 2 Außenparkplätze zu CHF 15'000/pro Platz (zusätzlich und obligatorisch)AUSSTATTUNG- Ruhige und friedliche Lage.- Nähe zum Ortszentrum und den Geschäften- 3 Minuten mit dem Auto von der Autobahn entfernt- 5 Minuten zu Fuß vom Seilbahn und der Schule entferntZögern Sie nicht, die Liste der verfügbaren Grundstücke zu konsultieren.Informationen und Terminvereinbarung: Cyril +41 79 464 11 35***Alle unsere Immobilien sind auf www.berra-immobilier.ch verfügbar***","https://cdn.immoscout24.ch/t_customer_logo/logos/l_d585_v1.jpg","> 60 min","Station: Sierre","data:image/gif;base64,R0lGODlhAQABAIAAAAAAAP///yH5BAEAAAAALAAAAAABAAEAAAIBRAA7","data:image/gif;base64,R0lGODlhAQABAIAAAAAAAP///yH5BAEAAAAALAAAAAABAAEAAAIBRAA7","data:image/gif;base64,R0lGODlhAQABAIAAAAAAAP///yH5BAEAAAAALAAAAAABAAEAAAIBRAA7","data:image/gif;base64,R0lGODlhAQABAIAAAAAAAP///yH5BAEAAAAALAAAAAABAAEAAAIBRAA7","https://media.homegate.ch/agentAvatar/a_d585_C_Bieckens_v1.jpeg","Cyril Bieckens","Agent Immobilier","data:image/gif;base64,R0lGODlhAQABAIAAAAAAAP///yH5BAEAAAAALAAAAAABAAEAAAIBRAA7"
"https://www.immoscout24.ch/kaufen/4002782798","https://cdn.immoscout24.ch/listings/v2/d585/4002782798/image/28fcad31698bca6f3d8fab5b6bdca87e.jpg","https://cdn.immoscout24.ch/listings/v2/d585/4002782798/image/28fcad31698bca6f3d8fab5b6bdca87e.jpg","","","data:image/gif;base64,R0lGODlhAQABAIAAAAAAAP///yH5BAEAAAAALAAAAAABAAEAAAIBRAA7","data:image/gif;base64,R0lGODlhAQABAIAAAAAAAP///yH5BAEAAAAALAAAAAABAAEAAAIBRAA7","","data:image/gif;base64,R0lGODlhAQABAIAAAAAAAP///yH5BAEAAAAALAAAAAABAAEAAAIBRAA7","1 / 13","https://cdn.immoscout24.ch/f_auto/t_listing_card_117x102/listings/v2/d585/4002782798/image/1a7f29fd30ffeb74a5d3dba957d81dbb.jpg","https://cdn.immoscout24.ch/f_auto/t_listing_card_117x102/listings/v2/d585/4002782798/image/1a8f692b2c9d429f827c034213eabb9a.jpg","https://cdn.immoscout24.ch/f_auto/t_listing_card_117x102/listings/v2/d585/4002782798/image/286f5cd3dfeb7d1e7037a6f7f939079e.jpg","Garage","Aussicht","","","4.5 Zimmer","145m²","CHF 755’000.–","Rue des Bouchia 12, 3966 Chalais","Verkaufsförderung in Chalais","Baugenehmigung ist eingetroffen !!Baubeginn im April 2026Verkauf nach Plan Projekt von 2 Reihenhäusern mit 145m2Traditionelle Bauweise mit Peripherisolation und Flachdächern.Ideal für eine Familie, profitiert dieses Objekt von einer ruhigen Umgebung mit Geschäften, Schulen und Gesundheitsdiensten in der Nähe. Die Seilbahn Chalais-Vercorin und die Bushaltestellen bieten eine hervorragende Verbindung zu den Bergfreizeitaktivitäten und den benachbarten Städten.HÖHEPUNKTE-Großer Wohn-/Kochbereich im EG, Zugang zur Terrasse/Garten, Südausrichtung-Schlafzimmer im Obergeschoss + Ankleide und Bürobereich-2 Badezimmer mit Dusche und Badewanne-Heizung durch Wärmepumpe, Fußbodenheizung (Komfort &amp; Ersparnisse)-PVC-Fenster mit Doppelverglasung und Isolierung-Flachdach isoliert und abgedichtet-Innenausstattung nach Wunsch des KäufersINNENAUSSTATTUNG MODULIERBAREG: -Eingang mit Einbauschränken-Voll ausgestattete Küche, offene Verbindung zum Ess-/Wohnbereich mit Zugang zum Garten-Badezimmer mit Waschmaschine-AbstellraumObergeschoss: -3 Schlafzimmer, davon eines mit Ankleide-Badezimmer mit Fenster-Offener Bereich für BüroAUßENBEREICH &amp; PARKPLÄTZETerrasse und Garten nach PlanGrundausstattung und Asphaltierung durch die Verkaufsförderung vorgesehenAußensteckdose und Wasserhahn3 halb überdachte Parkplätze im Kaufpreis enthaltenVERKEHRSANBINDUNG-Geschäfte des täglichen Bedarfs (Bäckerei, Metzger, Apotheke, Bank usw.)-Schulen, Mediathek und lokale Vereine-Medizinische und paramedizinische Dienste in der GemeindeFREIZEIT-Viele Familienwanderungen (Bisse de Ricard, Vallon de Réchy)-Schneller Zugang zu den Bergaktivitäten und dem Skigebiet Vercorin (Ski, Minigolf, Kletterwald)-Lokales Kulturerbe (Tour de Chalais, Bildungsbauernhöfe)-Dorfgasthöfe und CafésVERKEHRo Seilbahn Chalais-Vercorin: verbindet die Ebene mit dem Skigebiet in 7 Minuten.o Regionale Busse CarPostal: bedienen Chalais und die umliegenden Orte (Sierre, Réchy, Vercorin).o Bahnhof Sierre: in etwa 10 Minuten mit dem Auto oder Bus erreichbar, mit direkten Verbindungen nach Lausanne, Genf und dem Oberwallis.o Straßenanbindung: nahe der Autobahnabfahrt A9 (Sierre-West), erleichtert die Fahrt mit dem Auto.Verkaufsprospekt nur auf Anfrage !Bei uns ist Neugier ein schöner Fehler, also zögern Sie nicht, uns anzurufen, um mehr Informationen zu erhalten oder einen Besuch vor Ort zu machen !Kontakt: Cyril 0794641135Alle unsere Objekte auf berra-immobilier.ch !!!","https://cdn.immoscout24.ch/t_customer_logo/logos/l_d585_v1.jpg","-","","data:image/gif;base64,R0lGODlhAQABAIAAAAAAAP///yH5BAEAAAAALAAAAAABAAEAAAIBRAA7","data:image/gif;base64,R0lGODlhAQABAIAAAAAAAP///yH5BAEAAAAALAAAAAABAAEAAAIBRAA7","data:image/gif;base64,R0lGODlhAQABAIAAAAAAAP///yH5BAEAAAAALAAAAAABAAEAAAIBRAA7","data:image/gif;base64,R0lGODlhAQABAIAAAAAAAP///yH5BAEAAAAALAAAAAABAAEAAAIBRAA7","https://media.homegate.ch/agentAvatar/a_d585_C_Bieckens_v1.jpeg","Cyril Bieckens","Agent Immobilier","data:image/gif;base64,R0lGODlhAQABAIAAAAAAAP///yH5BAEAAAAALAAAAAABAAEAAAIBRAA7"
"https://www.immoscout24.ch/kaufen/4002782797","https://cdn.immoscout24.ch/listings/v2/d585/4002782797/image/85515e26e7d4b5ad5af84e06785a8e8a.jpg","https://cdn.immoscout24.ch/listings/v2/d585/4002782797/image/59b4ed7e2152b18bd288665ec662a164.jpg","https://cdn.immoscout24.ch/listings/v2/d585/4002782797/image/c1ad61feb49cc1d8a799b81f92dfc8d3.jpg","https://cdn.immoscout24.ch/listings/v2/d585/4002782797/image/559227d57003280bd685552ba83d4273.jpg","data:image/gif;base64,R0lGODlhAQABAIAAAAAAAP///yH5BAEAAAAALAAAAAABAAEAAAIBRAA7","data:image/gif;base64,R0lGODlhAQABAIAAAAAAAP///yH5BAEAAAAALAAAAAABAAEAAAIBRAA7","https://cdn.immoscout24.ch/listings/v2/d585/4002782797/image/85515e26e7d4b5ad5af84e06785a8e8a.jpg","data:image/gif;base64,R0lGODlhAQABAIAAAAAAAP///yH5BAEAAAAALAAAAAABAAEAAAIBRAA7","4 / 13","https://cdn.immoscout24.ch/f_auto/t_listing_card_117x102/listings/v2/d585/4002782797/image/59b4ed7e2152b18bd288665ec662a164.jpg","https://cdn.immoscout24.ch/f_auto/t_listing_card_117x102/listings/v2/d585/4002782797/image/c1ad61feb49cc1d8a799b81f92dfc8d3.jpg","https://cdn.immoscout24.ch/f_auto/t_listing_card_117x102/listings/v2/d585/4002782797/image/559227d57003280bd685552ba83d4273.jpg","Garage","Aussicht","","","4.5 Zimmer","145m²","CHF 770’000.–","Rue des Bouchia 12, 3966 Chalais","Verkaufsförderung in Chalais","Vente auf Plan Projekt von 2 Reihenhäusern mit 145m2Traditioneller Bau mit Peripherisolation und flachen Dächern. Genehmigung in Bearbeitung (günstige Vorabzusage) - Endgültige Genehmigung vor Ende 2025Baubeginn nach Erhalt der Baugenehmigung: Bauzeit ca. 14 Monate ab Erdgeschoss.Ideal für eine Familie, profitiert dieses Objekt von einer ruhigen Umgebung mit Geschäften, Schulen und Gesundheitsdiensten in der Nähe. Die Seilbahn Chalais-Vercorin und die Bushaltestellen bieten eine hervorragende Verbindung zu den Bergfreizeitaktivitäten und den benachbarten Städten.HÖHEPUNKTEoGroßer, heller Wohn-/Kochbereich im Erdgeschoss, Zugang zur Terrasse/Garten, Südausrichtungo3 Schlafzimmer im Obergeschoss + Ankleide und Arbeitsbereicho2 Badezimmer mit Dusche und BadewanneoHeizung durch Wärmepumpe, Fußbodenheizung (Komfort &amp; Ersparnis)oPVC-Fenster mit Doppelverglasung und IsolierungoIsolierte und abgedichtete FlachdachkonstruktionoInnenausstattung nach Wunsch des KäufersINNENAUSSTATTUNG ANPASSBARErdgeschoss: oEingang mit EinbauschränkenoVoll ausgestattete Küche, offene Verbindung zum Ess-/Wohnbereich mit Zugang zum GartenoBadezimmer mit WaschmaschineoAbstellraumObergeschoss: o3 Schlafzimmer, davon eines mit AnkleideoBadezimmer mit FensteroOffener Bereich für ArbeitsplatzAUßENBEREICH &amp; PARKPLÄTZETerrasse und privater Garten nach PlanGrundausstattung und Asphaltierung durch die Verkaufsförderung vorgesehenAußensteckdose und Wasserhahn3 halbüberdachte Parkplätze im Preis pro Villa enthaltenAUSSTATTUNGoGeschäfte des täglichen Bedarfs (Bäckerei, Metzger, Apotheke, Bank usw.)oSchulen, Mediathek und lokale VereineoMedizinische und paramedizinische Dienste in der GemeindeFREIZEITAKTIVITÄTENoViele familiengerechte Wanderungen (Bisse de Ricard, Vallon de Réchy)oSchneller Zugang zu Bergaktivitäten und zum Skigebiet Vercorin (Ski, Minigolf, Kletterwald)oLokales Kulturerbe (Turm von Chalais, Bildungsbetriebe)oDörflerestaurants und -cafésVERKEHRSANBINDUNGo Seilbahn Chalais-Vercorin: Verbindet die Ebene mit dem Skigebiet in 7 Minuten.o Regionale Busse CarPostal: Bedienen Chalais und die umliegenden Orte (Sierre, Réchy, Vercorin).o Bahnhof Sierre: Erreichbar in ca. 10 Minuten mit dem Auto oder Bus, mit Direktverbindungen nach Lausanne, Genf und dem Oberwallis.o Straßenanbindung: Nähe zur Autobahnabfahrt A9 (Sierre-West), erleichtert die Fahrt mit dem Auto.Verkaufsprospekt nur auf Anfrage !Bei uns ist Neugier ein schöner Fehler, also zögern Sie nicht, uns anzurufen, um mehr Informationen zu erhalten oder einen Besuch vor Ort zu machen !Kontakt: Cyril 0794641135Alle unsere Objekte auf berra-immobilier.ch !!!","https://cdn.immoscout24.ch/t_customer_logo/logos/l_d585_v1.jpg","-","","data:image/gif;base64,R0lGODlhAQABAIAAAAAAAP///yH5BAEAAAAALAAAAAABAAEAAAIBRAA7","data:image/gif;base64,R0lGODlhAQABAIAAAAAAAP///yH5BAEAAAAALAAAAAABAAEAAAIBRAA7","","","https://media.homegate.ch/agentAvatar/a_d585_C_Bieckens_v1.jpeg","Cyril Bieckens","Agent Immobilier",""
"https://www.immoscout24.ch/kaufen/4002782763","https://cdn.immoscout24.ch/listings/v2/d585/4002782763/image/f3ef146c1104f81f7b4ab646a3b6195b.jpg","https://cdn.immoscout24.ch/listings/v2/d585/4002782763/image/f3ef146c1104f81f7b4ab646a3b6195b.jpg","","","data:image/gif;base64,R0lGODlhAQABAIAAAAAAAP///yH5BAEAAAAALAAAAAABAAEAAAIBRAA7","data:image/gif;base64,R0lGODlhAQABAIAAAAAAAP///yH5BAEAAAAALAAAAAABAAEAAAIBRAA7","","data:image/gif;base64,R0lGODlhAQABAIAAAAAAAP///yH5BAEAAAAALAAAAAABAAEAAAIBRAA7","1 / 13","https://cdn.immoscout24.ch/f_auto/t_listing_card_117x102/listings/v2/d585/4002782763/image/7de55262cd9e48f772b3e63638d0b30e.jpg","https://cdn.immoscout24.ch/f_auto/t_listing_card_117x102/listings/v2/d585/4002782763/image/3c08028e233b13f1e19cba5ba40fedfc.jpg","https://cdn.immoscout24.ch/f_auto/t_listing_card_117x102/listings/v2/d585/4002782763/image/88c590f557f9d59b7b5aa77332d86873.jpg","Parkplatz","Balkon / Terrasse","Aussicht","+3","3.5 Zimmer","83m²","CHF 485’000.–","Route de Grône 60, 3966 Réchy","Die Arbeiten haben begonnen","VERKAUF AUF PLÄNELieferung: Ende Dezember 2026Kleines Gebäude mit 7 Wohnungen auf 3 EbenenWOHNUNGSTYPEN- 1x 4,5 Zimmer- 6x 3,5 ZimmerAUSSTATTUNG DER WOHNUNG - Eingangshalle- Ausgestattete offene Küche auf die Wohnfläche- 2 Schlafzimmer- 1 Dusche mit Dusche, WC und Waschbecken- 1 Badezimmer mit Badewanne, WC und Waschbecken- Balkon von 15m2MERKMALE- Top-Lage- Bau nach den geltenden SIA-Normen- Äußere Wärmedämmung nach Energiebilanz- Wärme- und Schalldämmung- Heizung durch Luft/Wasser-Wärmepumpe- Photovoltaik-Solarpanele- Kühlmodule auf der Wärmepumpe- Fußbodenheizung- Warmwassererzeugung: Boiler verbunden mit der Wärmepumpe- 1 Elektrotableau pro Wohnung- Anschlüsse für Waschmaschinen in jeder Wohnung- Drei-Scheiben-Isolierverglasung- Schiebetüren mit Hebevorrichtung- Aufzug nach Procap-Norm- 1 Keller pro Wohnung- Ausführung nach Wunsch des Käufers- Vollständige Beschreibung auf AnfragePARKPLÄTZE- 2 Außenparkplätze zu CHF 15'000/pro Platz (zusätzlich und obligatorisch)AUSSTATTUNG- Ruhige und tranquile Lage.- Nähe zum Ortszentrum und den Geschäften- 3 Minuten mit dem Auto von der Autobahn- 5 Minuten zu Fuß von der Seilbahn und der SchuleZögern Sie nicht, die Liste der verfügbaren Grundstücke zu konsultieren.Informationen und Termin: Cyril +41 79 464 11 35***Alle unsere Immobilien sind auf www.berra-immobilier.ch verfügbar***","https://cdn.immoscout24.ch/t_customer_logo/logos/l_d585_v1.jpg","> 60 min","Station: Sierre","data:image/gif;base64,R0lGODlhAQABAIAAAAAAAP///yH5BAEAAAAALAAAAAABAAEAAAIBRAA7","data:image/gif;base64,R0lGODlhAQABAIAAAAAAAP///yH5BAEAAAAALAAAAAABAAEAAAIBRAA7","data:image/gif;base64,R0lGODlhAQABAIAAAAAAAP///yH5BAEAAAAALAAAAAABAAEAAAIBRAA7","data:image/gif;base64,R0lGODlhAQABAIAAAAAAAP///yH5BAEAAAAALAAAAAABAAEAAAIBRAA7","https://media.homegate.ch/agentAvatar/a_d585_C_Bieckens_v1.jpeg","Cyril Bieckens","Agent Immobilier","data:image/gif;base64,R0lGODlhAQABAIAAAAAAAP///yH5BAEAAAAALAAAAAABAAEAAAIBRAA7"
"https://www.immoscout24.ch/kaufen/4002782762","https://cdn.immoscout24.ch/listings/v2/d585/4002782762/image/f3ef146c1104f81f7b4ab646a3b6195b.jpg","https://cdn.immoscout24.ch/listings/v2/d585/4002782762/image/f3ef146c1104f81f7b4ab646a3b6195b.jpg","","","data:image/gif;base64,R0lGODlhAQABAIAAAAAAAP///yH5BAEAAAAALAAAAAABAAEAAAIBRAA7","data:image/gif;base64,R0lGODlhAQABAIAAAAAAAP///yH5BAEAAAAALAAAAAABAAEAAAIBRAA7","","data:image/gif;base64,R0lGODlhAQABAIAAAAAAAP///yH5BAEAAAAALAAAAAABAAEAAAIBRAA7","1 / 13","https://cdn.immoscout24.ch/f_auto/t_listing_card_117x102/listings/v2/d585/4002782762/image/7de55262cd9e48f772b3e63638d0b30e.jpg","https://cdn.immoscout24.ch/f_auto/t_listing_card_117x102/listings/v2/d585/4002782762/image/3c08028e233b13f1e19cba5ba40fedfc.jpg","https://cdn.immoscout24.ch/f_auto/t_listing_card_117x102/listings/v2/d585/4002782762/image/d1ccc7f0dcb336ff41aa6f633fce4733.jpg","Parkplatz","Balkon / Terrasse","Aussicht","+3","3.5 Zimmer","83m²","CHF 495’000.–","Route de Grône 60, 3966 Réchy","Die Arbeiten haben begonnen!","VERKAUF AUF PLÄNELieferung: Ende Dezember 2026Kleines Gebäude mit 7 Wohnungen auf 3 EbenenWOHNUNGSTYPEN- 1x 4,5 Zimmer- 6x 3,5 ZimmerAUSSTATTUNG DER WOHNUNG - Eingangshalle- Ausgestattete Küche, die zum Wohnzimmer führt- 2 Schlafzimmer- 1 Dusche mit Dusche, WC und Waschbecken- 1 Badezimmer mit Badewanne, WC und Waschbecken- Balkon von 15m2MERKMALE- Top-Lage- Bau nach den geltenden SIA-Normen- Äußere Wärmedämmung nach Energiebilanz- Wärme- und Schalldämmung- Heizung durch Luft/Wasser-Wärmepumpe- Photovoltaik-Solarmodule- Kühleinschub-Modul auf der Wärmepumpe- Fußbodenheizung- Warmwassererzeugung: Boiler, der an die Wärmepumpe angeschlossen ist- 1 Elektrotafel pro Wohnung- Anschlüsse für Waschmaschinen in jeder Wohnung- Drei-Scheiben-Isolierglas- Schiebetüren mit Hebevorrichtung- Aufzug nach Procap-Norm- 1 Keller pro Wohnung- Fertigstellung nach Wunsch des Käufers- Vollständige Beschreibung auf AnfragePARKPLÄTZE- 2 Außenparkplätze zu CHF 15'000/pro Platz (zusätzlich und obligatorisch)AUSSTATTUNG- Ruhige und friedliche Lage.- Nähe zum Ortszentrum und den Geschäften- 3 Minuten mit dem Auto von der Autobahn entfernt- 5 Minuten zu Fuß vom Seilbahn und der Schule entferntZögern Sie nicht, die Liste der verfügbaren Grundstücke zu konsultieren.Informationen und Terminvereinbarung: Cyril +41 79 464 11 35***Alle unsere Immobilien sind auf www.berra-immobilier.ch verfügbar***","https://cdn.immoscout24.ch/t_customer_logo/logos/l_d585_v1.jpg","> 60 min","Station: Sierre","data:image/gif;base64,R0lGODlhAQABAIAAAAAAAP///yH5BAEAAAAALAAAAAABAAEAAAIBRAA7","data:image/gif;base64,R0lGODlhAQABAIAAAAAAAP///yH5BAEAAAAALAAAAAABAAEAAAIBRAA7","data:image/gif;base64,R0lGODlhAQABAIAAAAAAAP///yH5BAEAAAAALAAAAAABAAEAAAIBRAA7","data:image/gif;base64,R0lGODlhAQABAIAAAAAAAP///yH5BAEAAAAALAAAAAABAAEAAAIBRAA7","https://media.homegate.ch/agentAvatar/a_d585_C_Bieckens_v1.jpeg","Cyril Bieckens","Agent Immobilier","data:image/gif;base64,R0lGODlhAQABAIAAAAAAAP///yH5BAEAAAAALAAAAAABAAEAAAIBRAA7"
"https://www.immoscout24.ch/kaufen/4002782761","https://cdn.immoscout24.ch/listings/v2/d585/4002782761/image/7de55262cd9e48f772b3e63638d0b30e.jpg","https://cdn.immoscout24.ch/listings/v2/d585/4002782761/image/7de55262cd9e48f772b3e63638d0b30e.jpg","","","data:image/gif;base64,R0lGODlhAQABAIAAAAAAAP///yH5BAEAAAAALAAAAAABAAEAAAIBRAA7","data:image/gif;base64,R0lGODlhAQABAIAAAAAAAP///yH5BAEAAAAALAAAAAABAAEAAAIBRAA7","","data:image/gif;base64,R0lGODlhAQABAIAAAAAAAP///yH5BAEAAAAALAAAAAABAAEAAAIBRAA7","1 / 13","https://cdn.immoscout24.ch/f_auto/t_listing_card_117x102/listings/v2/d585/4002782761/image/f3ef146c1104f81f7b4ab646a3b6195b.jpg","https://cdn.immoscout24.ch/f_auto/t_listing_card_117x102/listings/v2/d585/4002782761/image/f0941dbadeb4928b972983fb4aea25f2.jpg","https://cdn.immoscout24.ch/f_auto/t_listing_card_117x102/listings/v2/d585/4002782761/image/3c08028e233b13f1e19cba5ba40fedfc.jpg","Parkplatz","Balkon / Terrasse","Aussicht","+3","3.5 Zimmer","83m²","CHF 475’000.–","Route de Grône 60, 3966 Réchy","Die Arbeiten haben begonnen","VERKAUF NACH PLANLieferung: Ende Dezember 2026Kleines Gebäude mit 7 Wohnungen auf 3 EbenenWOHNUNGSTYPEN- 1x 4,5 Zimmer- 6x 3,5 ZimmerAUSSTATTUNG DER WOHNUNG - Eingangshalle- Ausgestattete offene Küche mit Wohnbereich- 2 Schlafzimmer- 1 Dusche mit Dusche, WC und Waschbecken- 1 Badezimmer mit Badewanne, WC und Waschbecken- Balkon von 15m2MERKMALE- Top-Lage- Bau nach den geltenden SIA-Normen- Äußere Wärmedämmung nach Energiebilanz- Wärme- und Schalldämmung- Heizung durch Luft/Wasser-Wärmepumpe- Photovoltaik-Solarmodule- Kühlmodule für die Wärmepumpe- Fußbodenheizung- Warmwassererzeugung: Boiler in Verbindung mit der Wärmepumpe- 1 Stromverteilerkasten pro Wohnung- Anschlüsse für Waschmaschinen in jeder Wohnung- Drei-Scheiben-Isolierglas- Schiebetüren mit Hebevorrichtung- Aufzug nach Procap-Norm- 1 Keller pro Wohnung- Ausführung nach Wunsch des Käufers- Vollständige Beschreibung auf AnfragePARKPLÄTZE- 2 Außenparkplätze zu CHF 15'000/pro Platz (zusätzlich und obligatorisch)AUSSTATTUNG- Ruhige und friedliche Lage.- Nähe zum Ortszentrum und den Geschäften- 3 Minuten mit dem Auto von der Autobahn- 5 Minuten zu Fuß von der Seilbahn und der SchuleBitte besuchen Sie die Liste der verfügbaren Objekte.Informationen und Terminvereinbarung: Cyril +41 79 464 11 35***Alle unsere Immobilien sind auf www.berra-immobilier.ch verfügbar***","https://cdn.immoscout24.ch/t_customer_logo/logos/l_d585_v1.jpg","> 60 min","Station: Sierre","data:image/gif;base64,R0lGODlhAQABAIAAAAAAAP///yH5BAEAAAAALAAAAAABAAEAAAIBRAA7","data:image/gif;base64,R0lGODlhAQABAIAAAAAAAP///yH5BAEAAAAALAAAAAABAAEAAAIBRAA7","data:image/gif;base64,R0lGODlhAQABAIAAAAAAAP///yH5BAEAAAAALAAAAAABAAEAAAIBRAA7","data:image/gif;base64,R0lGODlhAQABAIAAAAAAAP///yH5BAEAAAAALAAAAAABAAEAAAIBRAA7","https://media.homegate.ch/agentAvatar/a_d585_C_Bieckens_v1.jpeg","Cyril Bieckens","Agent Immobilier","data:image/gif;base64,R0lGODlhAQABAIAAAAAAAP///yH5BAEAAAAALAAAAAABAAEAAAIBRAA7"
"https://www.immoscout24.ch/kaufen/4002508410","https://cdn.immoscout24.ch/listings/v2/d467/4002508410/image/4a11afe7e670967aafdbe18a3789002e.jpg","https://cdn.immoscout24.ch/listings/v2/d467/4002508410/image/4a11afe7e670967aafdbe18a3789002e.jpg","","","data:image/gif;base64,R0lGODlhAQABAIAAAAAAAP///yH5BAEAAAAALAAAAAABAAEAAAIBRAA7","data:image/gif;base64,R0lGODlhAQABAIAAAAAAAP///yH5BAEAAAAALAAAAAABAAEAAAIBRAA7","","data:image/gif;base64,R0lGODlhAQABAIAAAAAAAP///yH5BAEAAAAALAAAAAABAAEAAAIBRAA7","1 / 14","https://cdn.immoscout24.ch/f_auto/t_listing_card_117x102/listings/v2/d467/4002508410/image/93af96c2b15abb7c4c3933b465e65802.jpg","https://cdn.immoscout24.ch/f_auto/t_listing_card_117x102/listings/v2/d467/4002508410/image/f113564909c3e8f6df21c3f6c0b3ab7e.jpg","https://cdn.immoscout24.ch/f_auto/t_listing_card_117x102/listings/v2/d467/4002508410/image/dbe724dcd6eb995bfd00dd67daa6d7b4.jpg","","","","","3.5 Zimmer","93m²","CHF 1’350’000.–","Chemin des Plantaz 19, 1260 Nyon","Nyon, Residenz Arboris - 3,5-Zimmer-Wohnung im Erdgeschoss mit Garten","Exklusiv - Neues Projekt ""Arboris"" in Nyon Entdecken Sie ein neues Wohnprojekt mit 19 Wohnungen, von der Studios bis zu 4,5-Zimmer-Wohnungen, ideal gelegen in einer ruhigen, grünen und idyllischen Umgebung in der Stadt Nyon. Ein einzigartiges Lebensumfeld, nur wenige Schritte von den Annehmlichkeiten und Verkehrsmitteln entfernt.Objekt Nr. 1 - Ref. 01Diese schöne 3,5-Zimmer-Wohnung bietet eine großzügige Wohnfläche von 93,05 m², ergänzt durch eine Terrasse von über 56 m², einen privaten Garten von 167,55 m² und einen Keller von 4,70 m².Die Vorzüge des Projekts Arboris: • Wohnanlage mit moderner und raffinierter Architektur • Hohe Energieeffizienz (Note B): 20 bis 30 % weniger Verbrauch im Vergleich zu einem modernen Standardbau (Note C) • Ruhige Umgebung, am Rande eines Waldes, in einer Sackgasse • Wohnungen mit verschiedenen Größen, von 32,25 m² bis 131,50 m² • Geräumige Terrassen und Balkone, von 12,90 bis 95,90 m², mit Waldblick • 14 Parkplätze im Untergeschoss verfügbar (CHF 45'000.- pro Platz, zusätzlich zum Verkaufspreis) • Bevorzugte sanfte Mobilität: Abstellraum für Fahrräder mit Ladestationen für E-Bikes Eine ideale Lage in Nyon:Das Wohnquartier Plantaz profitiert von einer bevorzugten Lage: • Nur wenige Minuten von der Bahnstation und dem Stadtzentrum entfernt • 200 Meter von den Bushaltestellen (Bel-Automne und Plantaz) • In einer ruhigen, familiären und naturnahen Umgebung Verkaufspreis: ab CHF 485'000.-Die Bauarbeiten beginnen im Frühjahr 2026 und die Fertigstellung ist für Ende 2027 geplant.Weitere Informationen finden Sie auf der Website: www.residencearboris.ch Umgebung Dieses schöne Projekt mit 19 Wohnungen, gelegen am Chemin des Plantaz 19, nur wenige Minuten von der Bahnstation und dem Stadtzentrum entfernt, bietet eine seltene Lage: in einer Sackgasse und am Rande eines Waldes, bietet es absolute Ruhe und eine friedliche, grüne Atmosphäre, während es gleichzeitig an die Annehmlichkeiten angeschlossen ist. Nur 6 Minuten mit dem Fahrrad vom Stadtzentrum Nyon entfernt, bietet die Residenz Arboris einen einfachen Zugang zu den Dienstleistungen, Geschäften und Verkehrsmitteln, während sie gleichzeitig ein bevorzugtes Umfeld bietet. Die Bushaltestellen in der Nähe ermöglichen auch einen schnellen Zugang zum Stadtzentrum und zur Bahnstation Nyon.Die neuen Bewohner können somit das Beste aus zwei Welten genießen: die Ruhe einer natürlichen, friedlichen Umgebung und die Dynamik einer ambitionierten und attraktiven Stadt, die kulturell und vernetzt ist!Die Bushaltestellen befinden sich 3 Minuten zu Fuß (ca. 200 m) von der Residenz Arboris (Bushaltestellen Bel-Automne und Les Plantaz).Der Bahnhof Nyon-St-Cergue-La Cure, gelegen bei den Plantaz, befindet sich etwa 10 Minuten zu Fuß entfernt. Dann benötigt man 2 Minuten mit dem Zug, um den Bahnhof Nyon und das Stadtzentrum zu erreichen.","https://cdn.immoscout24.ch/logos/l_d467_eb89582a-5922-4ec2-ac3a-ea0eefffea21.png","7 min.","Station: Les Plantaz","data:image/gif;base64,R0lGODlhAQABAIAAAAAAAP///yH5BAEAAAAALAAAAAABAAEAAAIBRAA7","data:image/gif;base64,R0lGODlhAQABAIAAAAAAAP///yH5BAEAAAAALAAAAAABAAEAAAIBRAA7","data:image/gif;base64,R0lGODlhAQABAIAAAAAAAP///yH5BAEAAAAALAAAAAABAAEAAAIBRAA7","data:image/gif;base64,R0lGODlhAQABAIAAAAAAAP///yH5BAEAAAAALAAAAAABAAEAAAIBRAA7","https://media2.homegate.ch/agent-avatars/d467_ec0f9e0f-175f-4af9-b5e8-f5b120aa6a78.jpg","Vincent Buccino","Courtier en immobilier – Responsable agence de Nyon","data:image/gif;base64,R0lGODlhAQABAIAAAAAAAP///yH5BAEAAAAALAAAAAABAAEAAAIBRAA7"
"https://www.immoscout24.ch/kaufen/4002934233","https://cdn.immoscout24.ch/listings/v2/ksz/4002934233/image/52d1bdb08dccd244333937634e959264.jpg","https://cdn.immoscout24.ch/listings/v2/ksz/4002934233/image/52d1bdb08dccd244333937634e959264.jpg","","","data:image/gif;base64,R0lGODlhAQABAIAAAAAAAP///yH5BAEAAAAALAAAAAABAAEAAAIBRAA7","data:image/gif;base64,R0lGODlhAQABAIAAAAAAAP///yH5BAEAAAAALAAAAAABAAEAAAIBRAA7","","data:image/gif;base64,R0lGODlhAQABAIAAAAAAAP///yH5BAEAAAAALAAAAAABAAEAAAIBRAA7","1 / 18","https://cdn.immoscout24.ch/f_auto/t_listing_card_117x102/listings/v2/ksz/4002934233/image/39d1357de64781bc12ddf2586da9b65a.jpg","https://cdn.immoscout24.ch/f_auto/t_listing_card_117x102/listings/v2/ksz/4002934233/image/ab137fe56770c42b498ff23788258cdf.jpg","https://cdn.immoscout24.ch/f_auto/t_listing_card_117x102/listings/v2/ksz/4002934233/image/921b7e2b2a76cc59e432f588b72c8f0b.jpg","","","","","3.5 Zimmer","95m²","CHF 1’360’000.–","Neuhausstrasse 21, 4057 Basel","Grün. Privat. Urban. - Eigentumswohnungen und Reihenhäuser","","https://cdn.immoscout24.ch/logos/l_ksz_41772794-0d69-4403-8fe9-22be6d5e06fd.jpg","2 min.","Station: Kleinhüningeranlage","data:image/gif;base64,R0lGODlhAQABAIAAAAAAAP///yH5BAEAAAAALAAAAAABAAEAAAIBRAA7","data:image/gif;base64,R0lGODlhAQABAIAAAAAAAP///yH5BAEAAAAALAAAAAABAAEAAAIBRAA7","data:image/gif;base64,R0lGODlhAQABAIAAAAAAAP///yH5BAEAAAAALAAAAAABAAEAAAIBRAA7","data:image/gif;base64,R0lGODlhAQABAIAAAAAAAP///yH5BAEAAAAALAAAAAABAAEAAAIBRAA7","","","","data:image/gif;base64,R0lGODlhAQABAIAAAAAAAP///yH5BAEAAAAALAAAAAABAAEAAAIBRAA7"
"https://www.immoscout24.ch/kaufen/4002783412","https://cdn.immoscout24.ch/listings/v2/d585/4002783412/image/c275f2a8a129a964cbfb7ce4250948f1.jpg","https://cdn.immoscout24.ch/listings/v2/d585/4002783412/image/c275f2a8a129a964cbfb7ce4250948f1.jpg","","","data:image/gif;base64,R0lGODlhAQABAIAAAAAAAP///yH5BAEAAAAALAAAAAABAAEAAAIBRAA7","data:image/gif;base64,R0lGODlhAQABAIAAAAAAAP///yH5BAEAAAAALAAAAAABAAEAAAIBRAA7","","data:image/gif;base64,R0lGODlhAQABAIAAAAAAAP///yH5BAEAAAAALAAAAAABAAEAAAIBRAA7","1 / 12","https://cdn.immoscout24.ch/f_auto/t_listing_card_117x102/listings/v2/d585/4002783412/image/9065556dfece6e1efca358865d56e435.jpg","https://cdn.immoscout24.ch/f_auto/t_listing_card_117x102/listings/v2/d585/4002783412/image/9bce2eef55743756933eaee2888a224a.jpg","https://cdn.immoscout24.ch/f_auto/t_listing_card_117x102/listings/v2/d585/4002783412/image/0a458a6e71a61075238a1c1d6edce0ba.jpg","Parkplatz","Garage","Aussicht","","5.5 Zimmer","160m²","CHF 825’000.–","Route de Chippis 46, 3966 Chalais","Die Arbeiten haben begonnen !!","Die Arbeiten haben begonnen !!Bau von 11 contemporary Villen mit 160m23 einzelne Villen mit 5,5 Zimmern8 halb-individuelle Villen mit 5,5 Zimmern Einzelner Technikraum KellerZufahrtsstraßeGroße GärtenSchöne Lage in der Nähe von Geschäften und Autobahnen in einer angenehmen Umgebung mit verschiedenen Orientierungen und Aussichten.Diese halb-individuelle Villa I auf 2 Etagen mit einer Wohnfläche von 160 m2 besteht aus:EG:- Eingangshalle mit Einbauschränken- Waschküche- Badezimmer mit WC, Dusche, Waschbecken und Fenster- Ein Schlafzimmer- Ausgestattete Küche mit offener Verbindung zum Esszimmer/Wohnzimmer mit Zugang zur Süd-Terrasse und großem GartenOG:- Elternschlafzimmer mit Ankleide und eigenem Badezimmer: italienische Dusche, Doppelwaschbecken, WC und Fenster- 2 weitere Schlafzimmer- 1 Badezimmer mit Badewanne, WC, Waschbecken und FensterEin Keller begleitet diese Villa sowie ein einzelner Technikraum.PARKPLATZ:- 1 überdachter Stellplatz für ein Auto- 2 AußenparkplätzeMERKMALE:- Bauweise mit contemporary Architektur und reduziertem Design- Flachdach und Peripherieverkleidung- Photovoltaikpanele- Fußbodenheizung, Wärmepumpe Luft-Wasser, Niedertemperatur- Überdachter Stellplatz für ein Auto- Ausführung nach Wunsch des Käufers und nach den zugewiesenen BudgetsVERFÜGBARKEITEN:- Bushaltestelle direkt gegenüber der Residenz- Seilbahn Chalais-Vercorin- Schule in Chalais- Kinderkrippe-UAPE- Geschäfte- Autobahn und SierreVerkaufsprospekt nur auf Anfrage !Bei uns ist Neugier ein schöner Fehler, also zögern Sie nicht, uns anzurufen, um mehr Informationen zu erhalten oder einen Besuch vor Ort zu machen !Kontakt: Cyril 0794641135***Alle verfügbaren Angebote auf www.berra-immobilier.ch !!!!***","https://cdn.immoscout24.ch/t_customer_logo/logos/l_d585_v1.jpg","47 min.","Station: Sierre","data:image/gif;base64,R0lGODlhAQABAIAAAAAAAP///yH5BAEAAAAALAAAAAABAAEAAAIBRAA7","data:image/gif;base64,R0lGODlhAQABAIAAAAAAAP///yH5BAEAAAAALAAAAAABAAEAAAIBRAA7","data:image/gif;base64,R0lGODlhAQABAIAAAAAAAP///yH5BAEAAAAALAAAAAABAAEAAAIBRAA7","","https://media.homegate.ch/agentAvatar/a_d585_C_Bieckens_v1.jpeg","Cyril Bieckens","Agent Immobilier","data:image/gif;base64,R0lGODlhAQABAIAAAAAAAP///yH5BAEAAAAALAAAAAABAAEAAAIBRAA7"
"https://www.immoscout24.ch/kaufen/4002508453","https://cdn.immoscout24.ch/listings/v2/d467/4002508453/image/09e35c37e17bf6d14b7c06cc49819f71.jpg","https://cdn.immoscout24.ch/listings/v2/d467/4002508453/image/09e35c37e17bf6d14b7c06cc49819f71.jpg","","","data:image/gif;base64,R0lGODlhAQABAIAAAAAAAP///yH5BAEAAAAALAAAAAABAAEAAAIBRAA7","data:image/gif;base64,R0lGODlhAQABAIAAAAAAAP///yH5BAEAAAAALAAAAAABAAEAAAIBRAA7","","data:image/gif;base64,R0lGODlhAQABAIAAAAAAAP///yH5BAEAAAAALAAAAAABAAEAAAIBRAA7","1 / 12","https://cdn.immoscout24.ch/f_auto/t_listing_card_117x102/listings/v2/d467/4002508453/image/27f28fc8e5358084a2b9ab068e910884.jpg","https://cdn.immoscout24.ch/f_auto/t_listing_card_117x102/listings/v2/d467/4002508453/image/7c299c2168c71d1c2ac2de0e4eed5efa.jpg","https://cdn.immoscout24.ch/f_auto/t_listing_card_117x102/listings/v2/d467/4002508453/image/acf4641256103ee04cfe51487a548da8.jpg","","","","","2.5 Zimmer","51m²","CHF 760’000.–","Chemin des Plantaz 19, 1260 Nyon","Nyon, Residenz Arboris - 2,5-Zimmer-Wohnung im 1. Stock mit Balkon","Exklusiv - Neues Projekt ""Arboris"" in Nyon Entdecken Sie ein neues Wohnprojekt mit 19 Wohnungen, von der Studio-Wohnung bis zur 4,5-Zimmer-Wohnung, ideal in einer ruhigen, grünen und idyllischen Umgebung in der Stadt Nyon gelegen. Ein einzigartiges Lebensumfeld, nur wenige Schritte von den Annehmlichkeiten und dem öffentlichen Nahverkehr entfernt.Objekt Nr. 7 - Ref. 1.4 Diese wunderschöne 2,5-Zimmer-Wohnung bietet eine großzügige Wohnfläche von 51,45 m², ergänzt durch einen Balkon mit über 15 m² und einem Keller mit 2,75 m².Die Vorzüge des Projekts Arboris: • Wohnanlage mit zeitgenössischer und raffinierter Architektur • Hohe Energieeffizienz (Note B): 20 bis 30 % weniger Verbrauch im Vergleich zu einem modernen Standardbau (Note C) • Ruhige Umgebung, am Waldrand, in einer Sackgasse • Wohnungen mit verschiedenen Größen, von 32,25 m² bis 131,50 m² • Geräumige Terrassen und Balkone, von 12,90 bis 95,90 m², waldauswärts ausgerichtet • 14 Parkplätze im Untergeschoss verfügbar (CHF 45'000.- pro Platz, zusätzlich zum Verkaufspreis) • Bevorzugte Nutzung von umweltfreundlichen Verkehrsmitteln: Abstellraum für Fahrräder mit Ladestationen für E-Bikes Eine ideale Lage in Nyon:Das Wohnviertel Plantaz profitiert von einer bevorzugten Lage: • Nur wenige Minuten von der Bahnstation und dem Stadtzentrum entfernt • 200 Meter von den Bushaltestellen (Bel-Automne und Plantaz) entfernt • In einer ruhigen, familiären und naturverbundenen Umgebung Verkaufspreis: ab CHF 485'000.-Die Bauarbeiten beginnen im Frühjahr 2026, die Fertigstellung ist für Ende 2027 geplant.Weitere Informationen finden Sie auf der Website:www.residencearboris.ch Umgebung Dieses wunderschöne Projekt mit 19 Wohneinheiten, gelegen am Chemin des Plantaz 19, nur wenige Minuten von der Bahnstation und dem Stadtzentrum entfernt, bietet eine seltene Lage: Es ist in einer Sackgasse und am Waldrand gelegen und bietet absolute Ruhe und eine friedliche, grüne Atmosphäre, während es gleichzeitig an die Annehmlichkeiten angeschlossen ist. Nur 6 Minuten mit dem Fahrrad vom Stadtzentrum Nyons entfernt, ermöglicht die Residenz Arboris einen einfachen Zugang zu den Dienstleistungen, Geschäften und dem öffentlichen Nahverkehr, während sie ein privilegiertes Umfeld bietet. Die Bushaltestellen in der Nähe ermöglichen auch einen schnellen Zugang zum Stadtzentrum und zur Bahnstation Nyon.Die neuen Bewohner können somit das Beste aus zwei Welten genießen: die Stille einer naturbelassenen und friedlichen Umgebung und die Dynamik einer ambitionierten und attraktiven Stadt, die kulturell und vernetzt ist!Die Bushaltestellen befinden sich 3 Minuten zu Fuß (ca. 200 m) von der Residenz Arboris entfernt (Bushaltestellen Bel-Automne und Les Plantaz).Der Bahnhof Nyon-St-Cergue-La Cure, der sich bei den Plantaz befindet, ist etwa 10 Minuten zu Fuß entfernt. Dann benötigt man 2 Minuten mit dem Zug, um den Bahnhof Nyon und das Stadtzentrum zu erreichen.","https://cdn.immoscout24.ch/logos/l_d467_eb89582a-5922-4ec2-ac3a-ea0eefffea21.png","7 min.","Station: Les Plantaz","data:image/gif;base64,R0lGODlhAQABAIAAAAAAAP///yH5BAEAAAAALAAAAAABAAEAAAIBRAA7","data:image/gif;base64,R0lGODlhAQABAIAAAAAAAP///yH5BAEAAAAALAAAAAABAAEAAAIBRAA7","data:image/gif;base64,R0lGODlhAQABAIAAAAAAAP///yH5BAEAAAAALAAAAAABAAEAAAIBRAA7","","https://media2.homegate.ch/agent-avatars/d467_ec0f9e0f-175f-4af9-b5e8-f5b120aa6a78.jpg","Vincent Buccino","Courtier en immobilier – Responsable agence de Nyon","data:image/gif;base64,R0lGODlhAQABAIAAAAAAAP///yH5BAEAAAAALAAAAAABAAEAAAIBRAA7"
"https://www.immoscout24.ch/kaufen/4002948749","https://cdn.immoscout24.ch/listings/v2/d467/4002948749/image/1377c7e55f3f7930a79ac39ccd0d8885.jpg","https://cdn.immoscout24.ch/listings/v2/d467/4002948749/image/1377c7e55f3f7930a79ac39ccd0d8885.jpg","","","data:image/gif;base64,R0lGODlhAQABAIAAAAAAAP///yH5BAEAAAAALAAAAAABAAEAAAIBRAA7","","","","1 / 5","https://cdn.immoscout24.ch/f_auto/t_listing_card_117x102/listings/v2/d467/4002948749/image/79e67b6304b57d14e70ae6baa769098c.jpg","https://cdn.immoscout24.ch/f_auto/t_listing_card_117x102/listings/v2/d467/4002948749/image/7fc314e0411da0d28c77a104f8ebc6f4.jpg","https://cdn.immoscout24.ch/f_auto/t_listing_card_117x102/listings/v2/d467/4002948749/image/1e1606da6a9b6e4718d3e8e6bf54856d.jpg","Balkon / Terrasse","Garage","Lift","+1","4.5 Zimmer","140m²","CHF 1’280’000.–","Rue de la Côte 158, 2000 Neuchâtel","Neuchâtel - Cotempo Residenz: Superbe 4.5 Zimmer in der Nähe des Zentrums","COTEMPO - Die Kunst, Neuchâtel anders zu bewohnen.Mit nur vier Apartments, großzügigen Räumen und einer auf die Qualität des Lebens ausgerichteten Konzeption, wendet sich COTEMPO an diejenigen, die das perfekte Gleichgewicht zwischen Stadt und Serenität suchen.Hier bietet jedes Stockwerk nur eine Wohnung, was eine privilegierte Atmosphäre und das wertvolle Gefühl schafft, fast wie in einem Einfamilienhaus zu wohnen.Räume, die zum vollsten Leben gedacht sindDie Apartments, geräumig und elegant, bieten etwa 140 m² Wohnfläche, die in 5,5 oder 4,5 Zimmer nach Ihren Wünschen unterteilt werden können. Die großzügigen, von natürlichen Licht durchfluteten Räume, öffnen sich zu schönen Außenbereichen, die die Lebensbereiche natürlich verlängern.Das obere Stockwerk bietet einen seltenen Vorteil in der Stadt: einen privaten Garten und eine große Terrasse, die sich nahtlos an den Wohnbereich anschließen, perfekt, um die schönen Tage zu genießen, Gäste zu empfangen oder einfach in einer grünen Oase zu entspannen.Jedes Apartment profitiert von einem direkten Zugang per Aufzug und einem privaten Keller.Entsprechend dem Konzept der Residenz werden zwei Parkplätze in der Tiefgarage (CHF 39'000.- pro Platz) sowie ein Motorrad-/Fahrradplatz (CHF 5'000.-) jedem Apartment zugeordnet und kommen zum Verkaufspreis hinzu.Eine zeitgenössische architektonische SignaturDie Residenz besticht durch ihre moderne, schlichte und elegante Architektur, verbunden mit technischen Leistungen, die den aktuellen Anforderungen entsprechen: • Heizung durch Wärmepumpe Luft/Wasser • Energieerzeugung durch Solar-/Photovoltaikpanele • Effiziente Isolierung und Dreifachverglasung • Begrüntes Dach • Personalisierbare Ausführungen, um einen Innenraum nach Ihrem Bild zu schaffen Jedes Detail wurde durchdacht, um Ästhetik, Nachhaltigkeit und Wohlbefinden zu vereinen. Ein Projekt im menschlichen Maßstab, eine seltene GelegenheitBaubeginn: März 2026Geplante Fertigstellung: Dezember 2027Technische Daten: BUDGETSKüchenbudget 35'000.-Sanitärbudget CHF 15'000.-Parkettbudget CHF 90<span id=""acw_response_data"" aria-hidden=""true"" style=""width: 0; height: 0; overflow: hidden; display: inline-block; opacity: 0""> 0274 122 236 042 08 55 312 be</span>.-/m2Fliesenbudget CHF 65.-/m2","https://cdn.immoscout24.ch/logos/l_d467_eb89582a-5922-4ec2-ac3a-ea0eefffea21.png","12 min.","Station: Evole","","","","","","","","data:image/gif;base64,R0lGODlhAQABAIAAAAAAAP///yH5BAEAAAAALAAAAAABAAEAAAIBRAA7"
"https://www.immoscout24.ch/kaufen/4002948743","https://cdn.immoscout24.ch/listings/v2/d467/4002948743/image/1377c7e55f3f7930a79ac39ccd0d8885.jpg","https://cdn.immoscout24.ch/listings/v2/d467/4002948743/image/1377c7e55f3f7930a79ac39ccd0d8885.jpg","","","data:image/gif;base64,R0lGODlhAQABAIAAAAAAAP///yH5BAEAAAAALAAAAAABAAEAAAIBRAA7","","","","1 / 5","https://cdn.immoscout24.ch/f_auto/t_listing_card_117x102/listings/v2/d467/4002948743/image/79e67b6304b57d14e70ae6baa769098c.jpg","https://cdn.immoscout24.ch/f_auto/t_listing_card_117x102/listings/v2/d467/4002948743/image/7fc314e0411da0d28c77a104f8ebc6f4.jpg","https://cdn.immoscout24.ch/f_auto/t_listing_card_117x102/listings/v2/d467/4002948743/image/1e1606da6a9b6e4718d3e8e6bf54856d.jpg","Balkon / Terrasse","Garage","Lift","+1","5.5 Zimmer","140m²","CHF 1’280’000.–","Rue de la Côte 158, 2000 Neuchâtel","Neuchâtel - Cotempo Residenz: Superbe 5.5 Zimmer nahe dem Zentrum","COTEMPO - Die Kunst, Neuchâtel anders zu bewohnen.Mit nur vier Apartments, großzügigen Räumen und einer auf die Qualität des Lebens ausgerichteten Konzeption, wendet sich COTEMPO an diejenigen, die das perfekte Gleichgewicht zwischen Stadt und Serenität suchen.Hier nimmt jedes Stockwerk nur eine Wohnung auf, was eine privilegierte Atmosphäre und das wertvolle Gefühl schafft, fast wie in einem Einfamilienhaus zu wohnen.Räume, die zum vollständigen Leben gedacht sindDie Apartments, geräumig und elegant, bieten etwa 140 m² Wohnfläche, die je nach Wunsch in 5,5 oder 4,5 Zimmer unterteilt werden können. Die großzügigen, von natürlichen Licht durchfluteten Räume, öffnen sich zu schönen Außenbereichen, die die Lebensbereiche natürlich verlängern.Das obere Stockwerk bietet einen seltenen Vorteil in der Stadt: einen privaten Garten und eine große Terrasse, die sich nahtlos an den Wohnbereich anschließen und ideal sind, um schöne Tage zu genießen, Gäste zu empfangen oder einfach in einer grünen Oase zu entspannen.Jedes Apartment verfügt über einen direkten Zugang per Aufzug und einen privaten Keller.Entsprechend dem Konzept der Residenz sind zwei Parkplätze in der Tiefgarage (CHF 39'000.- pro Platz) sowie ein Motorrad-/Fahrradplatz (CHF 5'000.-) jedem Wohnbereich zugeordnet und kommen zum Verkaufspreis hinzu.Eine zeitgenössische architektonische SignaturDie Residenz besticht durch ihre moderne, schlichte und elegante Architektur, verbunden mit technischen Leistungen, die den aktuellen Anforderungen entsprechen: • Heizung durch Wärmepumpe Luft/Wasser • Energieerzeugung durch Solarmodule/Photovoltaik • Effiziente Isolierung und Dreifachverglasung • Begrünte Dachfläche • Personalisierbare Ausstattung, um einen Innenraum nach Ihrem Bild zu schaffen Jedes Detail wurde bedacht, um Ästhetik, Nachhaltigkeit und Wohlbefinden zu verbinden. Ein Projekt im menschlichen Maßstab, eine seltene GelegenheitBaubeginn: März 2026Geplante Fertigstellung: Dezember 2027Technische Daten: BUDGETSKüchenbudget 35'000.-Sanitärbudget CHF 15'000.-Parkettbudget CHF 90<span id=""acw_response_data"" aria-hidden=""true"" style=""width: 0; height: 0; overflow: hidden; display: inline-block; opacity: 0""> 0274 122 236 042 08 55 312 be</span>.-/m2Fliesenbudget CHF 65.-/m2","https://cdn.immoscout24.ch/logos/l_d467_eb89582a-5922-4ec2-ac3a-ea0eefffea21.png","12 min.","Station: Evole","","","","","","","","data:image/gif;base64,R0lGODlhAQABAIAAAAAAAP///yH5BAEAAAAALAAAAAABAAEAAAIBRAA7"
"https://www.immoscout24.ch/kaufen/4002966037","https://cdn.immoscout24.ch/listings/v2/isx331275/4002966037/image/b4c4851083a784c3fe52d94e34a2e7bb.jpg","https://cdn.immoscout24.ch/listings/v2/isx331275/4002966037/image/b4c4851083a784c3fe52d94e34a2e7bb.jpg","","","data:image/gif;base64,R0lGODlhAQABAIAAAAAAAP///yH5BAEAAAAALAAAAAABAAEAAAIBRAA7","data:image/gif;base64,R0lGODlhAQABAIAAAAAAAP///yH5BAEAAAAALAAAAAABAAEAAAIBRAA7","","data:image/gif;base64,R0lGODlhAQABAIAAAAAAAP///yH5BAEAAAAALAAAAAABAAEAAAIBRAA7","1 / 13","https://cdn.immoscout24.ch/f_auto/t_listing_card_117x102/listings/v2/isx331275/4002966037/image/6bdb69274c07e6e62d85f00ac6c1868d.jpg","https://cdn.immoscout24.ch/f_auto/t_listing_card_117x102/listings/v2/isx331275/4002966037/image/c4b52affdb578a62865eb00f0ce8d692.jpg","https://cdn.immoscout24.ch/f_auto/t_listing_card_117x102/listings/v2/isx331275/4002966037/image/7c7c08d2f58caa1d59dc04a2d13441eb.jpg","","","","","3.5 Zimmer","98m²","CHF 1’490’000.–","Lettenweg 45, 4123 Allschwill","Maisonette-Penthouse mit grosser Terrasse - 3.5-Zi. Attikawohnung","","https://cdn.immoscout24.ch/t_customer_logo/logos/331275-A-L3131-R.jpg","8 min.","Station: Gartenstrasse","data:image/gif;base64,R0lGODlhAQABAIAAAAAAAP///yH5BAEAAAAALAAAAAABAAEAAAIBRAA7","data:image/gif;base64,R0lGODlhAQABAIAAAAAAAP///yH5BAEAAAAALAAAAAABAAEAAAIBRAA7","data:image/gif;base64,R0lGODlhAQABAIAAAAAAAP///yH5BAEAAAAALAAAAAABAAEAAAIBRAA7","data:image/gif;base64,R0lGODlhAQABAIAAAAAAAP///yH5BAEAAAAALAAAAAABAAEAAAIBRAA7","","","",""
